<beans:beans xmlns="http://www.springframework.org/schema/security"
	xmlns:beans="http://www.springframework.org/schema/beans" 
	xmlns:xsi="http://www.w3.org/2001/XMLSchema-instance"
	xsi:schemaLocation="http://www.springframework.org/schema/beans
	http://www.springframework.org/schema/beans/spring-beans-3.1.xsd
	http://www.springframework.org/schema/security
	http://www.springframework.org/schema/security/spring-security-3.1.xsd">
	<!-- <import resources="/WEB-INF/ServletFirst-servlet.xml"/> -->
	
	<beans:bean id="ds" class="org.springframework.jdbc.datasource.DriverManagerDataSource">
<beans:property name="driverClassName" value="oracle.jdbc.driver.OracleDriver"/>
<beans:property name="url" value="jdbc:oracle:thin:@10.1.50.198:1521:orcl"/>
<beans:property name="username" value="sh"/>
<beans:property name="password" value="sh"/>
</beans:bean>
	<http auto-config="true">
	<intercept-url pattern="/loginform" access="IS_AUTHENTICATED_ANONYMOUSLY"/>
	<intercept-url pattern="/loginfailure" access="IS_AUTHENTICATED_ANONYMOUSLY"/>
	<intercept-url pattern="/logout" access="IS_AUTHENTICATED_ANONYMOUSLY"/>
	<intercept-url pattern="/loginnew" access="IS_AUTHENTICATED_ANONYMOUSLY"/>
	<intercept-url pattern="/savepassword" access="IS_AUTHENTICATED_ANONYMOUSLY"/>
	<intercept-url pattern="/saveUser" access="IS_AUTHENTICATED_ANONYMOUSLY"/>
	
	
	<intercept-url pattern="/**" access="ROLE_MAKER"/>
	<form-login login-page="/loginform" username-parameter="username" password-parameter="password" authentication-failure-url="/loginfailure"  default-target-url="/defaultpage"  always-use-default-target="true"/>
	<access-denied-handler error-page="/notaccess"/>
	<logout logout-success-url="/logout" />
	</http>
	
	<beans:bean id="pencoder" class="org.springframework.security.crypto.bcrypt.BCryptPasswordEncoder"/>
	<authentication-manager>
	<authentication-provider>
	<password-encoder ref="pencoder"/>
	
	  <jdbc-user-service data-source-ref="ds" users-by-username-query="select userid,password,Check_Enable from user9090 where userid=?" authorities-by-username-query="select u.userid,a.user_role from authorities9090 a,user9090 u where u.userid=a.userid and u.userid=?" />  
<!-- 	<user-service>
	<user name="user01" password="$2a$10$ixulNgUFHrcKmEGLKLHUC.i9IFFiEVVoT/9kkVn50IHJ9fFvIOM.."  authorities="ROLE_MAKER"/>
	<user name="user02" password="$2a$10$k5rVeIVlCJygztQZqx6Hg.w3RDcqwqE6TTwpEx1gfidZ7h0ULR.YG" authorities="ROLE_CHECKER"/>
	</user-service> -->
	</authentication-provider>
	</authentication-manager>


  </beans:beans>